<?xml version="1.0"?>
<h:html xmlns="http://www.w3.org/2002/xforms" xmlns:esri="http://esri.com/xforms" xmlns:ev="http://www.w3.org/2001/xml-events" xmlns:h="http://www.w3.org/1999/xhtml" xmlns:jr="http://openrosa.org/javarosa" xmlns:orx="http://openrosa.org/xforms" xmlns:xsd="http://www.w3.org/2001/XMLSchema">
  <h:head>
    <h:title>Apps for EveryOne (Intro)</h:title>
    <model>
      <itext>
        <translation default="true()" lang="default">
          <text id="/WS_INTRO/quiz_info_job_group/quiz_info_job_study/3:label">
            <value>Statistica</value>
          </text>
          <text id="/WS_INTRO/quiz_info_job_group/quiz_info_job_role/18:label">
            <value>Avvocato</value>
          </text>
          <text id="/WS_INTRO/quiz_info_job_group/quiz_info_job_apps/13:label">
            <value>Insight for ArcGIS</value>
          </text>
          <text id="/WS_INTRO/quiz_info_job_group/quiz_info_job_apps_future/2:label">
            <value>ArcGIS Maps for Adobe Creative Cloud</value>
          </text>
          <text id="/WS_INTRO/quiz_info_job_group/quiz_info_job_study/11:label">
            <value>Legge</value>
          </text>
          <text id="/WS_INTRO/quiz_info_job_group/quiz_info_job_apps/3:label">
            <value>ArcGIS Maps for SharePoint</value>
          </text>
          <text id="/WS_INTRO/quiz_info_job_group/quiz_info_job_apps/4:label">
            <value>ArcGIS Maps for Office</value>
          </text>
          <text id="/WS_INTRO/quiz_info_job_group/quiz_info_job_apps_future/5:label">
            <value>ArcGIS Maps for PowerBI</value>
          </text>
          <text id="/WS_INTRO/quiz_info_job_group/quiz_info_group/quiz_info_name:label">
            <value>Nome</value>
          </text>
          <text id="/WS_INTRO/quiz_info_job_group/quiz_info_job_role/13:label">
            <value>Ingegnere Civile</value>
          </text>
          <text id="/WS_INTRO/quiz_info_job_group/quiz_info_job_role/9:label">
            <value>Studente</value>
          </text>
          <text id="/WS_INTRO/quiz_info_job:label">
            <value>Prima di iniziare conosciamoci meglio, ti va?</value>
          </text>
          <text id="/WS_INTRO/quiz_info_job_group/quiz_info_job_apps_future/6:label">
            <value>ArcGIS Earth</value>
          </text>
          <text id="/WS_INTRO/quiz_info_job_group/quiz_info_job_apps_future:label">
            <value>Quali App ti piacerebbe imparare ad utilizzare ?</value>
          </text>
          <text id="/WS_INTRO/quiz_info_job_group/quiz_info_job_org/2:label">
            <value>Utente di Sottoscrizione Student</value>
          </text>
          <text id="/WS_INTRO/quiz_info_job_group/quiz_info_job_role/4:label">
            <value>Data Scientist</value>
          </text>
          <text id="/WS_INTRO/quiz_info_job_group/quiz_info_job_apps:label">
            <value>Quali App utilizzi?</value>
          </text>
          <text id="/WS_INTRO/quiz_info_job_group/quiz_info_job_apps_future/23:label">
            <value>Workforce for ArcGIS</value>
          </text>
          <text id="/WS_INTRO/quiz_info_job_group/quiz_info_workshop/4:label">
            <value>ArcGIS Enterprise: una piattaforma completa per Big Data e IoT</value>
          </text>
          <text id="/WS_INTRO/quiz_info_alpha_and_omegas:hint">
            <value>by Alessandro Russodivito &amp; Oliviero Vitale :-)

&lt;li&gt;Per Info chiedere a Russodivito o Vitale&lt;/li&gt;
&lt;p&gt;&lt;a href=&quot;mailto:arussodivito@esriitalia.it?subject=[Workshop Russodivito][Apps4EveryOne][Richiesta informazioni]&quot;&gt;Alessandro Russodivito&lt;/a&gt;&lt;/p&gt;

&lt;p&gt;&lt;a href=&quot;mailto:ovitale@esriitalia.it?subject=[Workshop Russodivito][Apps4EveryOne][Richiesta informazioni]&quot;&gt;Oliviero Vitale&lt;/a&gt;&lt;/p&gt;

Per informazioni commerciali sui nostri Prodotti:
&lt;p&gt;&lt;a href=&quot;mailto:segreteriacommerciale@esriitalia.it?subject=[Workshop Russodivito] Apps4EveryOne][Richiesta informazioni]&quot;&gt;Segreteria Commerciale&lt;/a&gt;&lt;/p&gt;
&lt;p&gt;&lt;/p&gt;

&lt;p&gt;&lt;a href=&quot;tel:+39 06 40696.1&quot;&gt;Chiama Esri Italia (tanto oggi non trovi nessuno !)&lt;/a&gt;&lt;/p&gt;</value>
          </text>
          <text id="/WS_INTRO/quiz_info_job_group/quiz_info_job_apps_future/16:label">
            <value>Esri Story Maps</value>
          </text>
          <text id="/WS_INTRO/quiz_info_job_group/quiz_info_job_apps_future/18:label">
            <value>Web AppBuilder for ArcGIS</value>
          </text>
          <text id="/WS_INTRO/quiz_info_privacy/0:label">
            <value>No</value>
          </text>
          <text id="/WS_INTRO/quiz_info_job_group/quiz_info_workshop/2:label">
            <value>App pronte all'uso per tutte le esigenze</value>
          </text>
          <text id="/WS_INTRO/quiz_info_job_group/quiz_info_job_apps_future/10:label">
            <value>GeoPlanner for ArcGIS</value>
          </text>
          <text id="/WS_INTRO/quiz_info_job_group/quiz_info_job_role:label">
            <value>Di cosa ti occupi ?</value>
          </text>
          <text id="/WS_INTRO/quiz_info_job_group/quiz_info_job_apps/23:label">
            <value>Workforce for ArcGIS</value>
          </text>
          <text id="/WS_INTRO/quiz_info_job_group/quiz_info_workshop/7:label">
            <value>Creare applicazioni professionali web e mobile con pochi click</value>
          </text>
          <text id="/WS_INTRO/quiz_info_job_group/quiz_info_job_study/9:label">
            <value>Marketing</value>
          </text>
          <text id="/WS_INTRO/quiz_info_job_group/quiz_info_group/quiz_info_mail:label">
            <value>E-mail</value>
          </text>
          <text id="/WS_INTRO/quiz_info_job_group/quiz_info_job_role/1:label">
            <value>ICT</value>
          </text>
          <text id="/WS_INTRO/quiz_info_job_group/quiz_info_job_company:label">
            <value>Azienda, Ente o Università</value>
          </text>
          <text id="/WS_INTRO/quiz_info_job_group/quiz_info_job_apps/10:label">
            <value>GeoPlanner for ArcGIS</value>
          </text>
          <text id="/WS_INTRO/quiz_info_job_group/quiz_info_job_role/20:label">
            <value>Responsabile Comunicazione</value>
          </text>
          <text id="/WS_INTRO/quiz_info_job_group/quiz_info_job_apps_future/26:label">
            <value>Nessuna</value>
          </text>
          <text id="/WS_INTRO/quiz_info_job_group/quiz_info_job_apps_future/9:label">
            <value>Community Analyst</value>
          </text>
          <text id="/WS_INTRO/quiz_info_job_group/quiz_info_job_org/4:label">
            <value>ArcGIS Enterprise</value>
          </text>
          <text id="/WS_INTRO/quiz_info_job_group/quiz_info_job_location:label">
            <value>Di dove sei ?</value>
          </text>
          <text id="/WS_INTRO/quiz_info_job_group/quiz_info_job_apps_future/19:label">
            <value>AppStudio for ArcGIS</value>
          </text>
          <text id="/WS_INTRO/quiz_info_job_group/quiz_info_job_apps_future/17:label">
            <value>ArcGIS Open Data</value>
          </text>
          <text id="/WS_INTRO/quiz_info_job_group/quiz_info_job_apps/21:label">
            <value>Collector for ArcGIS</value>
          </text>
          <text id="/WS_INTRO/quiz_info_job_group/quiz_info_workshop/5:label">
            <value>Il geodata discovery: Insights for ArcGIS</value>
          </text>
          <text id="/WS_INTRO/quiz_info_job_group/quiz_info_job_role/8:label">
            <value>Studente Università</value>
          </text>
          <text id="/WS_INTRO/quiz_info_job_group/quiz_info_workshop/13:label">
            <value>GEOCORTEX</value>
          </text>
          <text id="/WS_INTRO/quiz_info_job_group/quiz_info_job_study:label">
            <value>Un accenno al tuo percorso di Studi …</value>
          </text>
          <text id="/WS_INTRO/quiz_info_job/1:label">
            <value>Si</value>
          </text>
          <text id="/WS_INTRO/quiz_info_job_group/quiz_info_job_study/8:label">
            <value>Ingegneria</value>
          </text>
          <text id="/WS_INTRO/quiz_info_job_group/quiz_info_job_role/14:label">
            <value>Ingegnere Ambientale</value>
          </text>
          <text id="/WS_INTRO/quiz_info_job_group/quiz_info_job_apps/11:label">
            <value>Esri CityEngine</value>
          </text>
          <text id="/WS_INTRO/quiz_info_job_group/quiz_info_job_apps/22:label">
            <value>Survey123 for ArcGIS</value>
          </text>
          <text id="/WS_INTRO/quiz_info_job_group/quiz_info_job_org:label">
            <value>Quale Organizzazione ArcGIS utilizzi?</value>
          </text>
          <text id="/WS_INTRO/quiz_info_job_group/quiz_info_job_apps_future/20:label">
            <value>Explorer for ArcGIS</value>
          </text>
          <text id="/WS_INTRO/quiz_info_job_group/quiz_info_job_study/2:label">
            <value>Matematica</value>
          </text>
          <text id="/WS_INTRO/quiz_info_job_group/quiz_info_job_role/11:label">
            <value>Professore</value>
          </text>
          <text id="/WS_INTRO/quiz_info_job_group/quiz_info_job_org/6:label">
            <value>ArcGIS Developer Subscription</value>
          </text>
          <text id="/WS_INTRO/quiz_info_job_group/quiz_info_job_study/10:label">
            <value>Comunicazione</value>
          </text>
          <text id="/WS_INTRO/quiz_info_job_group/quiz_info_job_apps/15:label">
            <value>ArcGIS Solutions</value>
          </text>
          <text id="/WS_INTRO/quiz_info_job_group/quiz_info_job_apps_future/22:label">
            <value>Survey123 for ArcGIS</value>
          </text>
          <text id="/WS_INTRO/quiz_info_job_group/quiz_info_job_role/10:label">
            <value>Ricercatore</value>
          </text>
          <text id="/WS_INTRO/quiz_info_job_group/quiz_info_job_apps_future/7:label">
            <value>ArcGIS Pro</value>
          </text>
          <text id="/WS_INTRO/quiz_info_job_group/quiz_info_job_apps/18:label">
            <value>Web AppBuilder for ArcGIS</value>
          </text>
          <text id="/WS_INTRO/quiz_info_job_group/quiz_info_job_apps/8:label">
            <value>Business Analyst</value>
          </text>
          <text id="/WS_INTRO/quiz_info_alpha_and_omegas:label">
            <value>ArcGIS Apps quiz by: Alessandro Russodivito
Workshop
&quot;&lt;font color=&quot;#FF1100&quot;&gt;A&lt;/font&gt;&lt;font color=&quot;#FF2B00&quot;&gt;p&lt;/font&gt;&lt;font color=&quot;#FF5400&quot;&gt;p&lt;/font&gt; 
&lt;font color=&quot;#FF8000&quot;&gt;p&lt;/font&gt;&lt;font color=&quot;#FFAB00&quot;&gt;r&lt;/font&gt;&lt;font color=&quot;#FFD100&quot;&gt;o&lt;/font&gt;&lt;font color=&quot;#FAFF00&quot;&gt;n&lt;/font&gt;&lt;font color=&quot;#D1FF00&quot;&gt;t&lt;/font&gt;&lt;font color=&quot;#ABFF00&quot;&gt;e&lt;/font&gt;
&lt;font color=&quot;#80FF00&quot;&gt;a&lt;/font&gt;&lt;font color=&quot;#54FF00&quot;&gt;l&lt;/font&gt;&lt;font color=&quot;#2BFF00&quot;&gt;l&lt;/font&gt;&lt;font color=&quot;#00FF00&quot;&gt;'&lt;/font&gt; &lt;font color=&quot;#00FF2B&quot;&gt;u&lt;/font&gt;&lt;font color=&quot;#00FF54&quot;&gt;s&lt;/font&gt;&lt;font color=&quot;#00FF80&quot;&gt;o&lt;/font&gt;
 &lt;font color=&quot;#00FFAB&quot;&gt;p&lt;/font&gt;&lt;font color=&quot;#00FFD1&quot;&gt;e&lt;/font&gt;&lt;font color=&quot;#00FAFF&quot;&gt;r &lt;/font&gt; 
 &lt;font color=&quot;#00D1FF&quot;&gt;t&lt;/font&gt;&lt;font color=&quot;#00ABFF&quot;&gt;u&lt;/font&gt;&lt;font color=&quot;#0080FF&quot;&gt;t&lt;/font&gt;&lt;font color=&quot;#0054FF&quot;&gt;t&lt;/font&gt;&lt;font color=&quot;#002BFF&quot;&gt;e&lt;/font&gt; 
 &lt;font color=&quot;#2B00FF&quot;&gt;l&lt;/font&gt;&lt;font color=&quot;#5400FF&quot;&gt;e&lt;/font&gt; 
 &lt;font color=&quot;#AB00FF&quot;&gt;e&lt;/font&gt;&lt;font color=&quot;#D100FF&quot;&gt;s&lt;/font&gt;&lt;font color=&quot;#FF00FA&quot;&gt;i&lt;/font&gt;&lt;font color=&quot;#FF00D1&quot;&gt;g&lt;/font&gt;&lt;font color=&quot;#FF00AB&quot;&gt;e&lt;/font&gt;&lt;font color=&quot;#FF0080&quot;&gt;n&lt;/font&gt;&lt;font color=&quot;#FF0054&quot;&gt;z&lt;/font&gt;&lt;font color=&quot;#FF002B&quot;&gt;e&lt;/font&gt;&quot;

&lt;li/&gt;16/05 ore 00.00 sala Orange I&lt;/li&gt;
&lt;li&gt;17/05 ore 12.15 sala Orange II&lt;/li&gt;</value>
          </text>
          <text id="/WS_INTRO/quiz_info_job_group/quiz_info_job_apps_future/21:label">
            <value>Collector for ArcGIS</value>
          </text>
          <text id="/WS_INTRO/quiz_info_job_group/quiz_info_photo:hint">
            <value>Scatta una Foto!</value>
          </text>
          <text id="/WS_INTRO/quiz_info_job_group/quiz_info_job_org/3:label">
            <value>Organizzazione Trial 21 giorni</value>
          </text>
          <text id="/WS_INTRO/quiz_info_job_group/quiz_info_job_study/1:label">
            <value>Geologia</value>
          </text>
          <text id="/WS_INTRO/quiz_info_job_group/quiz_info_job_apps/9:label">
            <value>Community Analyst</value>
          </text>
          <text id="/WS_INTRO/quiz_info_job_group/quiz_info_job_study/7:label">
            <value>Economia</value>
          </text>
          <text id="/WS_INTRO/quiz_info_job_group/quiz_info_job_apps/14:label">
            <value>Esri Redistricting</value>
          </text>
          <text id="/WS_INTRO/quiz_info_job_group/quiz_info_job_apps_future/3:label">
            <value>ArcGIS Maps for SharePoint</value>
          </text>
          <text id="/WS_INTRO/quiz_info_job_group/quiz_info/0:label">
            <value>No</value>
          </text>
          <text id="/WS_INTRO/quiz_info_job_group/quiz_info_job_apps/26:label">
            <value>Nessuna</value>
          </text>
          <text id="/WS_INTRO/quiz_info_job_group/quiz_info_job_org/1:label">
            <value>Nessuna</value>
          </text>
          <text id="/WS_INTRO/quiz_info_job_group/quiz_info_workshop/10:label">
            <value>App pronte all'uso per tutte le esigenze</value>
          </text>
          <text id="/WS_INTRO/quiz_info_job_group/quiz_info_job_role/19:label">
            <value>Responsabile Marketing</value>
          </text>
          <text id="/WS_INTRO/quiz_info_job_group/quiz_info_job_apps_future/15:label">
            <value>ArcGIS Solutions</value>
          </text>
          <text id="/WS_INTRO/quiz_info_job_group/quiz_info_job_apps/16:label">
            <value>Esri Story Maps</value>
          </text>
          <text id="/WS_INTRO/quiz_info_job_group/quiz_info_photo:label">
            <value>Vuoi ricordarti della Conferenza Esri 2018?</value>
          </text>
          <text id="/WS_INTRO/quiz_info_job_group/quiz_info_job_study/4:label">
            <value>Matematica</value>
          </text>
          <text id="/WS_INTRO/quiz_info_job_group/quiz_info_job_role/17:label">
            <value>Architetto</value>
          </text>
          <text id="/WS_INTRO/quiz_info_job_group/quiz_info_job_org/5:label">
            <value>ArcGIS Online</value>
          </text>
          <text id="/WS_INTRO/quiz_info_job_group/quiz_info_job_apps/5:label">
            <value>ArcGIS Maps for PowerBI</value>
          </text>
          <text id="/WS_INTRO/quiz_info_job_group/quiz_info_workshop/9:label">
            <value>Il living Atlas: un mondo di dati pronti all'uso</value>
          </text>
          <text id="/WS_INTRO/quiz_info_job_group/quiz_info_job_apps/24:label">
            <value>Navigator for ArcGIS</value>
          </text>
          <text id="/WS_INTRO/quiz_info_job_group/quiz_info_job_apps_future/12:label">
            <value>Drone2Map for ArcGIS</value>
          </text>
          <text id="/WS_INTRO/quiz_info_job_group/quiz_info_job_apps_future/11:label">
            <value>Esri CityEngine</value>
          </text>
          <text id="/WS_INTRO/quiz_info_job/0:label">
            <value>No</value>
          </text>
          <text id="/WS_INTRO/quiz_info_job_group/quiz_info_job_role/2:label">
            <value>Manager</value>
          </text>
          <text id="/WS_INTRO/quiz_info_job_group/quiz_info_workshop/1:label">
            <value>ArcGIS Pro, l’evoluzione del  3D e l’Imagery  nella Piattaforma ArcGIS</value>
          </text>
          <text id="/WS_INTRO/quiz_info_privacy/1:label">
            <value>Si</value>
          </text>
          <text id="/WS_INTRO/quiz_info_job_group/quiz_info_job_role/5:label">
            <value>Utente GIS</value>
          </text>
          <text id="/WS_INTRO/quiz_info_job_group/quiz_info_job_apps_future/13:label">
            <value>Insight for ArcGIS</value>
          </text>
          <text id="/WS_INTRO/quiz_info_job_group/quiz_info_job_study/6:label">
            <value>Fisica</value>
          </text>
          <text id="/WS_INTRO/quiz_info_job_group/quiz_info_job_apps_future/4:label">
            <value>ArcGIS Maps for Office</value>
          </text>
          <text id="/WS_INTRO/quiz_info_job_group/quiz_info_workshop:label">
            <value>Quali Workshop hai seguito o ti interessa seguire?</value>
          </text>
          <text id="/WS_INTRO/quiz_info_job_group/quiz_info/1:label">
            <value>Si</value>
          </text>
          <text id="/WS_INTRO/quiz_info_job_group/quiz_info_job_apps/19:label">
            <value>AppStudio for ArcGIS</value>
          </text>
          <text id="/WS_INTRO/quiz_info_job_group/quiz_info_job_apps/12:label">
            <value>Drone2Map for ArcGIS</value>
          </text>
          <text id="/WS_INTRO/quiz_info_job_group/quiz_info_group/quiz_info_secondname:label">
            <value>Cognome</value>
          </text>
          <text id="/WS_INTRO/quiz_info_job_group/quiz_info_job_apps/17:label">
            <value>ArcGIS Open Data</value>
          </text>
          <text id="/WS_INTRO/quiz_info_job_group/quiz_info_job_apps/25:label">
            <value>Operations Dashboard for ArcGIS</value>
          </text>
          <text id="/WS_INTRO/quiz_info_job_group/quiz_info_workshop/8:label">
            <value>Dal BIM al Deep Learning con the Science of Where.</value>
          </text>
          <text id="/WS_INTRO/quiz_info_job_group/quiz_info_job_role/12:label">
            <value>Ingegnere Edile</value>
          </text>
          <text id="/WS_INTRO/quiz_info_job_group/quiz_info_job_role/3:label">
            <value>Partner ESRI</value>
          </text>
          <text id="/WS_INTRO/quiz_info_job_group/quiz_info_job_apps/7:label">
            <value>ArcGIS Pro</value>
          </text>
          <text id="/WS_INTRO/quiz_info_job_group/quiz_info_workshop/3:label">
            <value>I punti di forza della Piattaforma ArcGIS: guida alla scelta della configurazione più adatta</value>
          </text>
          <text id="/WS_INTRO/quiz_info_job_group/quiz_info_job_apps/2:label">
            <value>ArcGIS Maps for Adobe Creative Cloud</value>
          </text>
          <text id="/WS_INTRO/quiz_info_job_group/quiz_info_job_apps/6:label">
            <value>ArcGIS Earth</value>
          </text>
          <text id="/WS_INTRO/quiz_info_job_group/quiz_info_job_apps_future/25:label">
            <value>Operations Dashboard for ArcGIS</value>
          </text>
          <text id="/WS_INTRO/quiz_info_job_group/quiz_info_job_apps/1:label">
            <value>ArcGIS Solutions</value>
          </text>
          <text id="/WS_INTRO/quiz_info_job_group/quiz_info_job_apps_future/8:label">
            <value>Business Analyst</value>
          </text>
          <text id="/WS_INTRO/quiz_info_job_group/quiz_info_job_apps_future/24:label">
            <value>Navigator for ArcGIS</value>
          </text>
          <text id="/WS_INTRO/quiz_info_job_group/quiz_info_job_apps/20:label">
            <value>Explorer for ArcGIS</value>
          </text>
          <text id="/WS_INTRO/quiz_info_job_group/quiz_info_job_role/16:label">
            <value>Ingegnere Gestionale</value>
          </text>
          <text id="/WS_INTRO/quiz_info_job_group/quiz_info_job_role/7:label">
            <value>Studente Superiori</value>
          </text>
          <text id="/WS_INTRO/quiz_info_job_group/quiz_info_job_study/5:label">
            <value>Biologia</value>
          </text>
          <text id="/WS_INTRO/quiz_info_job_group/quiz_info_workshop/11:label">
            <value>ArcGIS Hub, Esri Geoportal Server e gli strumenti per la gestione degli Open Data</value>
          </text>
          <text id="/WS_INTRO/quiz_info_job_group/quiz_info_job_apps_future/14:label">
            <value>Esri Redistricting</value>
          </text>
          <text id="/WS_INTRO/quiz_info_job_group/quiz_info_job_role/6:label">
            <value>Sviluppatore GIS</value>
          </text>
          <text id="/WS_INTRO/quiz_info_privacy:label">
            <value>Sapevi che con Survey123 for ArcGIS si possono raccogliere dati velocemente. 
Possiamo utilizzare questi dati per creare una mappa pubblica?</value>
          </text>
          <text id="/WS_INTRO/quiz_info_job_group/quiz_info_job_role/15:label">
            <value>Ingegnere Informatico</value>
          </text>
          <text id="/WS_INTRO/quiz_info_job_group/quiz_info_job_apps_future/1:label">
            <value>ArcGIS Solutions</value>
          </text>
          <text id="/WS_INTRO/quiz_info_job_group/quiz_info_workshop/6:label">
            <value>ArcGIS for Operational Analytics</value>
          </text>
        </translation>
        <translation lang="english">
          <text id="/WS_INTRO/quiz_info_job_group/quiz_info_job_study/3:label">
            <value>Statistics</value>
          </text>
          <text id="/WS_INTRO/quiz_info_job_group/quiz_info_job_role/18:label">
            <value>Lawyer</value>
          </text>
          <text id="/WS_INTRO/quiz_info_job_group/quiz_info_job_apps/13:label">
            <value>Insight for ArcGIS</value>
          </text>
          <text id="/WS_INTRO/quiz_info_job_group/quiz_info_job_apps_future/2:label">
            <value>ArcGIS Maps for Adobe Creative Cloud</value>
          </text>
          <text id="/WS_INTRO/quiz_info_job_group/quiz_info_job_study/11:label">
            <value>Law</value>
          </text>
          <text id="/WS_INTRO/quiz_info_job_group/quiz_info_job_apps/3:label">
            <value>ArcGIS Maps for SharePoint</value>
          </text>
          <text id="/WS_INTRO/quiz_info_job_group/quiz_info_job_apps/4:label">
            <value>ArcGIS Maps for Office</value>
          </text>
          <text id="/WS_INTRO/quiz_info_job_group/quiz_info_job_apps_future/5:label">
            <value>ArcGIS Maps for PowerBI</value>
          </text>
          <text id="/WS_INTRO/quiz_info_job_group/quiz_info_group/quiz_info_name:label">
            <value>Name</value>
          </text>
          <text id="/WS_INTRO/quiz_info_job_group/quiz_info_job_role/13:label">
            <value>Civil engineer</value>
          </text>
          <text id="/WS_INTRO/quiz_info_job_group/quiz_info_job_role/9:label">
            <value>Student</value>
          </text>
          <text id="/WS_INTRO/quiz_info_job:label">
            <value>Game will start in a few minutes… but first… Let's talk about you !</value>
          </text>
          <text id="/WS_INTRO/quiz_info_job_group/quiz_info_job_apps_future/6:label">
            <value>ArcGIS Earth</value>
          </text>
          <text id="/WS_INTRO/quiz_info_job_group/quiz_info_job_apps_future:label">
            <value>Which Apps you would like to learn how to use ?</value>
          </text>
          <text id="/WS_INTRO/quiz_info_job_group/quiz_info_job_org/2:label">
            <value>Utente di Sottosctizione Student</value>
          </text>
          <text id="/WS_INTRO/quiz_info_job_group/quiz_info_job_role/4:label">
            <value>Data Scientist</value>
          </text>
          <text id="/WS_INTRO/quiz_info_job_group/quiz_info_job_apps:label">
            <value>Which App do you use?</value>
          </text>
          <text id="/WS_INTRO/quiz_info_job_group/quiz_info_job_apps_future/23:label">
            <value>Workforce for ArcGIS</value>
          </text>
          <text id="/WS_INTRO/quiz_info_job_group/quiz_info_workshop/4:label">
            <value>ArcGIS Enterprise: una piattaforma completa per Big Data e IoT</value>
          </text>
          <text id="/WS_INTRO/quiz_info_alpha_and_omegas:hint">
            <value>&lt;li&gt;For Info ask to Russodivito or Vitale&lt;/li&gt;
&lt;p&gt;&lt;a href=&quot;mailto:arussodivito@esriitalia.it?subject=[Workshop Russodivito][Apps4EveryOne][Richiesta informazioni]&quot;&gt;Alessandro Russodivito&lt;/a&gt;&lt;/p&gt;

&lt;p&gt;&lt;a href=&quot;mailto:ovitale@esriitalia.it?subject=[Workshop Russodivito][Apps4EveryOne][Richiesta informazioni]&quot;&gt;Oliviero Vitale&lt;/a&gt;&lt;/p&gt;</value>
          </text>
          <text id="/WS_INTRO/quiz_info_job_group/quiz_info_job_apps_future/16:label">
            <value>Esri Story Maps</value>
          </text>
          <text id="/WS_INTRO/quiz_info_job_group/quiz_info_job_apps_future/18:label">
            <value>Web AppBuilder for ArcGIS</value>
          </text>
          <text id="/WS_INTRO/quiz_info_privacy/0:label">
            <value>No</value>
          </text>
          <text id="/WS_INTRO/quiz_info_job_group/quiz_info_workshop/2:label">
            <value>App pronte all'uso per tutte le esigenze</value>
          </text>
          <text id="/WS_INTRO/quiz_info_job_group/quiz_info_job_apps_future/10:label">
            <value>GeoPlanner for ArcGIS</value>
          </text>
          <text id="/WS_INTRO/quiz_info_job_group/quiz_info_job_role:label">
            <value>What is your field of work ?</value>
          </text>
          <text id="/WS_INTRO/quiz_info_job_group/quiz_info_job_apps/23:label">
            <value>Workforce for ArcGIS</value>
          </text>
          <text id="/WS_INTRO/quiz_info_job_group/quiz_info_workshop/7:label">
            <value>Creare applicazioni professionali web e mobile con pochi click</value>
          </text>
          <text id="/WS_INTRO/quiz_info_job_group/quiz_info_job_study/9:label">
            <value>Marketing</value>
          </text>
          <text id="/WS_INTRO/quiz_info_job_group/quiz_info_group/quiz_info_mail:label">
            <value>E-mail</value>
          </text>
          <text id="/WS_INTRO/quiz_info_job_group/quiz_info_job_role/1:label">
            <value>ICT</value>
          </text>
          <text id="/WS_INTRO/quiz_info_job_group/quiz_info_job_company:label">
            <value>Company or Universitiy ?</value>
          </text>
          <text id="/WS_INTRO/quiz_info_job_group/quiz_info_job_apps/10:label">
            <value>GeoPlanner for ArcGIS</value>
          </text>
          <text id="/WS_INTRO/quiz_info_job_group/quiz_info_job_role/20:label">
            <value>Communication Manager</value>
          </text>
          <text id="/WS_INTRO/quiz_info_job_group/quiz_info_job_apps_future/26:label">
            <value>None</value>
          </text>
          <text id="/WS_INTRO/quiz_info_job_group/quiz_info_job_apps_future/9:label">
            <value>Community Analyst</value>
          </text>
          <text id="/WS_INTRO/quiz_info_job_group/quiz_info_job_org/4:label">
            <value>ArcGIS Enterprise</value>
          </text>
          <text id="/WS_INTRO/quiz_info_job_group/quiz_info_job_location:label">
            <value>Where are you from?</value>
          </text>
          <text id="/WS_INTRO/quiz_info_job_group/quiz_info_job_apps_future/19:label">
            <value>AppStudio for ArcGIS</value>
          </text>
          <text id="/WS_INTRO/quiz_info_job_group/quiz_info_job_apps_future/17:label">
            <value>ArcGIS Open Data</value>
          </text>
          <text id="/WS_INTRO/quiz_info_job_group/quiz_info_job_apps/21:label">
            <value>Collector for ArcGIS</value>
          </text>
          <text id="/WS_INTRO/quiz_info_job_group/quiz_info_workshop/5:label">
            <value>Il geodata discovery: Insights for ArcGIS</value>
          </text>
          <text id="/WS_INTRO/quiz_info_job_group/quiz_info_job_role/8:label">
            <value>University Student</value>
          </text>
          <text id="/WS_INTRO/quiz_info_job_group/quiz_info_workshop/13:label">
            <value>GEOCORTEX</value>
          </text>
          <text id="/WS_INTRO/quiz_info_job_group/quiz_info_job_study:label">
            <value>What did you study ?</value>
          </text>
          <text id="/WS_INTRO/quiz_info_job/1:label">
            <value>Yes</value>
          </text>
          <text id="/WS_INTRO/quiz_info_job_group/quiz_info_job_study/8:label">
            <value>Engineering</value>
          </text>
          <text id="/WS_INTRO/quiz_info_job_group/quiz_info_job_role/14:label">
            <value>Environmental Engineer</value>
          </text>
          <text id="/WS_INTRO/quiz_info_job_group/quiz_info_job_apps/11:label">
            <value>Esri CityEngine</value>
          </text>
          <text id="/WS_INTRO/quiz_info_job_group/quiz_info_job_apps/22:label">
            <value>Survey123 for ArcGIS</value>
          </text>
          <text id="/WS_INTRO/quiz_info_job_group/quiz_info_job_org:label">
            <value>Which is your Organizzation ?</value>
          </text>
          <text id="/WS_INTRO/quiz_info_job_group/quiz_info_job_apps_future/20:label">
            <value>Explorer for ArcGIS</value>
          </text>
          <text id="/WS_INTRO/quiz_info_job_group/quiz_info_job_study/2:label">
            <value>mathematics</value>
          </text>
          <text id="/WS_INTRO/quiz_info_job_group/quiz_info_job_role/11:label">
            <value>Teacher</value>
          </text>
          <text id="/WS_INTRO/quiz_info_job_group/quiz_info_job_org/6:label">
            <value>ArcGIS Developer Subscription</value>
          </text>
          <text id="/WS_INTRO/quiz_info_job_group/quiz_info_job_study/10:label">
            <value>Communication</value>
          </text>
          <text id="/WS_INTRO/quiz_info_job_group/quiz_info_job_apps/15:label">
            <value>ArcGIS Solutions</value>
          </text>
          <text id="/WS_INTRO/quiz_info_job_group/quiz_info_job_apps_future/22:label">
            <value>Survey123 for ArcGIS</value>
          </text>
          <text id="/WS_INTRO/quiz_info_job_group/quiz_info_job_role/10:label">
            <value>Researcher</value>
          </text>
          <text id="/WS_INTRO/quiz_info_job_group/quiz_info_job_apps_future/7:label">
            <value>ArcGIS Pro</value>
          </text>
          <text id="/WS_INTRO/quiz_info_job_group/quiz_info_job_apps/18:label">
            <value>Web AppBuilder for ArcGIS</value>
          </text>
          <text id="/WS_INTRO/quiz_info_job_group/quiz_info_job_apps/8:label">
            <value>Business Analyst</value>
          </text>
          <text id="/WS_INTRO/quiz_info_alpha_and_omegas:label">
            <value>Workshop
&quot;&lt;font color=&quot;#FF1100&quot;&gt;A&lt;/font&gt;&lt;font color=&quot;#FF2B00&quot;&gt;p&lt;/font&gt;&lt;font color=&quot;#FF5400&quot;&gt;p&lt;/font&gt; 
&lt;font color=&quot;#FF8000&quot;&gt;p&lt;/font&gt;&lt;font color=&quot;#FFAB00&quot;&gt;r&lt;/font&gt;&lt;font color=&quot;#FFD100&quot;&gt;o&lt;/font&gt;&lt;font color=&quot;#FAFF00&quot;&gt;n&lt;/font&gt;&lt;font color=&quot;#D1FF00&quot;&gt;t&lt;/font&gt;&lt;font color=&quot;#ABFF00&quot;&gt;e&lt;/font&gt;
&lt;font color=&quot;#80FF00&quot;&gt;a&lt;/font&gt;&lt;font color=&quot;#54FF00&quot;&gt;l&lt;/font&gt;&lt;font color=&quot;#2BFF00&quot;&gt;l&lt;/font&gt;&lt;font color=&quot;#00FF00&quot;&gt;'&lt;/font&gt; &lt;font color=&quot;#00FF2B&quot;&gt;u&lt;/font&gt;&lt;font color=&quot;#00FF54&quot;&gt;s&lt;/font&gt;&lt;font color=&quot;#00FF80&quot;&gt;o&lt;/font&gt;
 &lt;font color=&quot;#00FFAB&quot;&gt;p&lt;/font&gt;&lt;font color=&quot;#00FFD1&quot;&gt;e&lt;/font&gt;&lt;font color=&quot;#00FAFF&quot;&gt;r &lt;/font&gt; 
 &lt;font color=&quot;#00D1FF&quot;&gt;t&lt;/font&gt;&lt;font color=&quot;#00ABFF&quot;&gt;u&lt;/font&gt;&lt;font color=&quot;#0080FF&quot;&gt;t&lt;/font&gt;&lt;font color=&quot;#0054FF&quot;&gt;t&lt;/font&gt;&lt;font color=&quot;#002BFF&quot;&gt;e&lt;/font&gt; 
 &lt;font color=&quot;#2B00FF&quot;&gt;l&lt;/font&gt;&lt;font color=&quot;#5400FF&quot;&gt;e&lt;/font&gt; 
 &lt;font color=&quot;#AB00FF&quot;&gt;e&lt;/font&gt;&lt;font color=&quot;#D100FF&quot;&gt;s&lt;/font&gt;&lt;font color=&quot;#FF00FA&quot;&gt;i&lt;/font&gt;&lt;font color=&quot;#FF00D1&quot;&gt;g&lt;/font&gt;&lt;font color=&quot;#FF00AB&quot;&gt;e&lt;/font&gt;&lt;font color=&quot;#FF0080&quot;&gt;n&lt;/font&gt;&lt;font color=&quot;#FF0054&quot;&gt;z&lt;/font&gt;&lt;font color=&quot;#FF002B&quot;&gt;e&lt;/font&gt;&quot;

&lt;li/&gt;16/05 ore 16.30 sala Orange II&lt;/li&gt;
&lt;li&gt;17/05 ore 12.15 sala Orange I&lt;/li&gt;

&lt;p&gt;ArcGIS Apps quiz by: Alessandro Russodivito&lt;/p&gt;</value>
          </text>
          <text id="/WS_INTRO/quiz_info_job_group/quiz_info_job_apps_future/21:label">
            <value>Collector for ArcGIS</value>
          </text>
          <text id="/WS_INTRO/quiz_info_job_group/quiz_info_photo:hint">
            <value>Take a Photo Now !</value>
          </text>
          <text id="/WS_INTRO/quiz_info_job_group/quiz_info_job_org/3:label">
            <value>Organizzazione Trial 21 giorni</value>
          </text>
          <text id="/WS_INTRO/quiz_info_job_group/quiz_info_job_study/1:label">
            <value>geology</value>
          </text>
          <text id="/WS_INTRO/quiz_info_job_group/quiz_info_job_apps/9:label">
            <value>Community Analyst</value>
          </text>
          <text id="/WS_INTRO/quiz_info_job_group/quiz_info_job_study/7:label">
            <value>Economy</value>
          </text>
          <text id="/WS_INTRO/quiz_info_job_group/quiz_info_job_apps/14:label">
            <value>Esri Redistricting</value>
          </text>
          <text id="/WS_INTRO/quiz_info_job_group/quiz_info_job_apps_future/3:label">
            <value>ArcGIS Maps for SharePoint</value>
          </text>
          <text id="/WS_INTRO/quiz_info_job_group/quiz_info/0:label">
            <value>No</value>
          </text>
          <text id="/WS_INTRO/quiz_info_job_group/quiz_info_job_apps/26:label">
            <value>None</value>
          </text>
          <text id="/WS_INTRO/quiz_info_job_group/quiz_info_job_org/1:label">
            <value>Nessuna</value>
          </text>
          <text id="/WS_INTRO/quiz_info_job_group/quiz_info_workshop/10:label">
            <value>App pronte all'uso per tutte le esigenze</value>
          </text>
          <text id="/WS_INTRO/quiz_info_job_group/quiz_info_job_role/19:label">
            <value>Head of Marketing</value>
          </text>
          <text id="/WS_INTRO/quiz_info_job_group/quiz_info_job_apps_future/15:label">
            <value>ArcGIS Solutions</value>
          </text>
          <text id="/WS_INTRO/quiz_info_job_group/quiz_info_job_apps/16:label">
            <value>Esri Story Maps</value>
          </text>
          <text id="/WS_INTRO/quiz_info_job_group/quiz_info_photo:label">
            <value>Do you want a memory of UC 2018?</value>
          </text>
          <text id="/WS_INTRO/quiz_info_job_group/quiz_info_job_study/4:label">
            <value>mathematics</value>
          </text>
          <text id="/WS_INTRO/quiz_info_job_group/quiz_info_job_role/17:label">
            <value>Architect</value>
          </text>
          <text id="/WS_INTRO/quiz_info_job_group/quiz_info_job_org/5:label">
            <value>ArcGIS Online</value>
          </text>
          <text id="/WS_INTRO/quiz_info_job_group/quiz_info_job_apps/5:label">
            <value>ArcGIS Maps for PowerBI</value>
          </text>
          <text id="/WS_INTRO/quiz_info_job_group/quiz_info_workshop/9:label">
            <value>Il living Atlas: un mondo di dati pronti all'uso</value>
          </text>
          <text id="/WS_INTRO/quiz_info_job_group/quiz_info_job_apps/24:label">
            <value>Navigator for ArcGIS</value>
          </text>
          <text id="/WS_INTRO/quiz_info_job_group/quiz_info_job_apps_future/12:label">
            <value>Drone2Map for ArcGIS</value>
          </text>
          <text id="/WS_INTRO/quiz_info_job_group/quiz_info_job_apps_future/11:label">
            <value>Esri CityEngine</value>
          </text>
          <text id="/WS_INTRO/quiz_info_job/0:label">
            <value>No</value>
          </text>
          <text id="/WS_INTRO/quiz_info_job_group/quiz_info_job_role/2:label">
            <value>Manager</value>
          </text>
          <text id="/WS_INTRO/quiz_info_job_group/quiz_info_workshop/1:label">
            <value>ArcGIS Pro, l’evoluzione del  3D e l’Imagery  nella Piattaforma ArcGIS</value>
          </text>
          <text id="/WS_INTRO/quiz_info_privacy/1:label">
            <value>Yes</value>
          </text>
          <text id="/WS_INTRO/quiz_info_job_group/quiz_info_job_role/5:label">
            <value>GIS User</value>
          </text>
          <text id="/WS_INTRO/quiz_info_job_group/quiz_info_job_apps_future/13:label">
            <value>Insight for ArcGIS</value>
          </text>
          <text id="/WS_INTRO/quiz_info_job_group/quiz_info_job_study/6:label">
            <value>Physics</value>
          </text>
          <text id="/WS_INTRO/quiz_info_job_group/quiz_info_job_apps_future/4:label">
            <value>ArcGIS Maps for Office</value>
          </text>
          <text id="/WS_INTRO/quiz_info_job_group/quiz_info_workshop:label">
            <value>Which workshop is of your interest ?</value>
          </text>
          <text id="/WS_INTRO/quiz_info_job_group/quiz_info/1:label">
            <value>Yes</value>
          </text>
          <text id="/WS_INTRO/quiz_info_job_group/quiz_info_job_apps/19:label">
            <value>AppStudio for ArcGIS</value>
          </text>
          <text id="/WS_INTRO/quiz_info_job_group/quiz_info_job_apps/12:label">
            <value>Drone2Map for ArcGIS</value>
          </text>
          <text id="/WS_INTRO/quiz_info_job_group/quiz_info_group/quiz_info_secondname:label">
            <value>Surname</value>
          </text>
          <text id="/WS_INTRO/quiz_info_job_group/quiz_info_job_apps/17:label">
            <value>ArcGIS Open Data</value>
          </text>
          <text id="/WS_INTRO/quiz_info_job_group/quiz_info_job_apps/25:label">
            <value>Operations Dashboard for ArcGIS</value>
          </text>
          <text id="/WS_INTRO/quiz_info_job_group/quiz_info_workshop/8:label">
            <value>Dal BIM al Deep Learning con the Science of Where.</value>
          </text>
          <text id="/WS_INTRO/quiz_info_job_group/quiz_info_job_role/12:label">
            <value>Construction engineer</value>
          </text>
          <text id="/WS_INTRO/quiz_info_job_group/quiz_info_job_role/3:label">
            <value>Partner ESRI</value>
          </text>
          <text id="/WS_INTRO/quiz_info_job_group/quiz_info_job_apps/7:label">
            <value>ArcGIS Pro</value>
          </text>
          <text id="/WS_INTRO/quiz_info_job_group/quiz_info_workshop/3:label">
            <value>I punti di forza della Piattaforma ArcGIS: guida alla scelta della configurazione più adatta</value>
          </text>
          <text id="/WS_INTRO/quiz_info_job_group/quiz_info_job_apps/2:label">
            <value>ArcGIS Maps for Adobe Creative Cloud</value>
          </text>
          <text id="/WS_INTRO/quiz_info_job_group/quiz_info_job_apps/6:label">
            <value>ArcGIS Earth</value>
          </text>
          <text id="/WS_INTRO/quiz_info_job_group/quiz_info_job_apps_future/25:label">
            <value>Operations Dashboard for ArcGIS</value>
          </text>
          <text id="/WS_INTRO/quiz_info_job_group/quiz_info_job_apps/1:label">
            <value>ArcGIS Solutions</value>
          </text>
          <text id="/WS_INTRO/quiz_info_job_group/quiz_info_job_apps_future/8:label">
            <value>Business Analyst</value>
          </text>
          <text id="/WS_INTRO/quiz_info_job_group/quiz_info_job_apps_future/24:label">
            <value>Navigator for ArcGIS</value>
          </text>
          <text id="/WS_INTRO/quiz_info_job_group/quiz_info_job_apps/20:label">
            <value>Explorer for ArcGIS</value>
          </text>
          <text id="/WS_INTRO/quiz_info_job_group/quiz_info_job_role/16:label">
            <value>Management engineer</value>
          </text>
          <text id="/WS_INTRO/quiz_info_job_group/quiz_info_job_role/7:label">
            <value>High School Student</value>
          </text>
          <text id="/WS_INTRO/quiz_info_job_group/quiz_info_job_study/5:label">
            <value>Biology</value>
          </text>
          <text id="/WS_INTRO/quiz_info_job_group/quiz_info_workshop/11:label">
            <value>ArcGIS Hub, Esri Geoportal Server e gli strumenti per la gestione degli Open Data</value>
          </text>
          <text id="/WS_INTRO/quiz_info_job_group/quiz_info_job_apps_future/14:label">
            <value>Esri Redistricting</value>
          </text>
          <text id="/WS_INTRO/quiz_info_job_group/quiz_info_job_role/6:label">
            <value>GIS Developer</value>
          </text>
          <text id="/WS_INTRO/quiz_info_privacy:label">
            <value>We would like to make a Public Map of this Quiz. Can we use this data ?</value>
          </text>
          <text id="/WS_INTRO/quiz_info_job_group/quiz_info_job_role/15:label">
            <value>Computer engineer</value>
          </text>
          <text id="/WS_INTRO/quiz_info_job_group/quiz_info_job_apps_future/1:label">
            <value>ArcGIS Solutions</value>
          </text>
          <text id="/WS_INTRO/quiz_info_job_group/quiz_info_workshop/6:label">
            <value>ArcGIS for Operational Analytics</value>
          </text>
        </translation>
      </itext>
      <instance>
        <WS_INTRO id="WS_INTRO">
          <quiz_info_alpha_and_omegas/>
          <quiz_info_privacy/>
          <quiz_info_job/>
          <quiz_info_job_group>
            <quiz_info_job_location/>
            <quiz_info_job_company/>
            <quiz_info_job_study/>
            <quiz_info_job_study_other/>
            <quiz_info_job_study_count/>
            <quiz_info_job_study_r1/>
            <quiz_info_job_role/>
            <quiz_info_job_role_other/>
            <quiz_info_job_role_count/>
            <quiz_info_job_role_r1/>
            <quiz_info_job_org/>
            <quiz_info_job_org_other/>
            <quiz_info_job_org_count/>
            <quiz_info_job_org_o1/>
            <quiz_info_job_apps/>
            <quiz_info_job_apps_other/>
            <quiz_info_job_apps_count/>
            <quiz_info_job_apps_a1/>
            <quiz_info_job_apps_future/>
            <quiz_info_job_apps_future_other/>
            <quiz_info_job_apps_future_count/>
            <quiz_info_job_apps_future_a1/>
            <quiz_info_workshop/>
            <quiz_info_workshop_other/>
            <quiz_info_workshop_count/>
            <quiz_info_photo/>
            <quiz_info/>
            <quiz_form_start_date/>
            <quiz_form_end_date/>
            <quiz_info_email/>
            <quiz_info_user/>
            <quiz_info_group>
              <quiz_info_secondname/>
              <quiz_info_name/>
              <quiz_info_mail/>
            </quiz_info_group>
          </quiz_info_job_group>
          <meta>
            <instanceID/>
            <instanceName/>
          </meta>
        </WS_INTRO>
      </instance>
      <bind nodeset="/WS_INTRO/quiz_info_alpha_and_omegas" readonly="true()" type="string"/>
      <bind nodeset="/WS_INTRO/quiz_info_privacy" required="true()" type="select1"/>
      <bind nodeset="/WS_INTRO/quiz_info_job" type="select1"/>
      <bind nodeset="/WS_INTRO/quiz_info_job_group" relevant=" /WS_INTRO/quiz_info_job =1"/>
      <bind nodeset="/WS_INTRO/quiz_info_job_group/quiz_info_job_location" type="geopoint"/>
      <bind nodeset="/WS_INTRO/quiz_info_job_group/quiz_info_job_company" type="string"/>
      <bind nodeset="/WS_INTRO/quiz_info_job_group/quiz_info_job_study" type="select"/>
      <bind nodeset="/WS_INTRO/quiz_info_job_group/quiz_info_job_study_other" relevant="selected(../quiz_info_job_study, 'other')" type="string"/>
      <bind calculate="count-selected( /WS_INTRO/quiz_info_job_group/quiz_info_job_study )" nodeset="/WS_INTRO/quiz_info_job_group/quiz_info_job_study_count" relevant="0" type="int"/>
      <bind nodeset="/WS_INTRO/quiz_info_job_group/quiz_info_job_study_r1" type="string"/>
      <bind nodeset="/WS_INTRO/quiz_info_job_group/quiz_info_job_role" type="select"/>
      <bind nodeset="/WS_INTRO/quiz_info_job_group/quiz_info_job_role_other" relevant="selected(../quiz_info_job_role, 'other')" type="string"/>
      <bind calculate="count-selected( /WS_INTRO/quiz_info_job_group/quiz_info_job_role )" nodeset="/WS_INTRO/quiz_info_job_group/quiz_info_job_role_count" relevant="0" type="int"/>
      <bind nodeset="/WS_INTRO/quiz_info_job_group/quiz_info_job_role_r1" type="string"/>
      <bind nodeset="/WS_INTRO/quiz_info_job_group/quiz_info_job_org" type="select"/>
      <bind nodeset="/WS_INTRO/quiz_info_job_group/quiz_info_job_org_other" relevant="selected(../quiz_info_job_org, 'other')" type="string"/>
      <bind calculate="count-selected( /WS_INTRO/quiz_info_job_group/quiz_info_job_org )" nodeset="/WS_INTRO/quiz_info_job_group/quiz_info_job_org_count" relevant="0" type="int"/>
      <bind nodeset="/WS_INTRO/quiz_info_job_group/quiz_info_job_org_o1" type="string"/>
      <bind nodeset="/WS_INTRO/quiz_info_job_group/quiz_info_job_apps" type="select"/>
      <bind nodeset="/WS_INTRO/quiz_info_job_group/quiz_info_job_apps_other" relevant="selected(../quiz_info_job_apps, 'other')" type="string"/>
      <bind calculate="count-selected( /WS_INTRO/quiz_info_job_group/quiz_info_job_apps )" nodeset="/WS_INTRO/quiz_info_job_group/quiz_info_job_apps_count" relevant="0" type="int"/>
      <bind nodeset="/WS_INTRO/quiz_info_job_group/quiz_info_job_apps_a1" type="string"/>
      <bind nodeset="/WS_INTRO/quiz_info_job_group/quiz_info_job_apps_future" type="select"/>
      <bind nodeset="/WS_INTRO/quiz_info_job_group/quiz_info_job_apps_future_other" relevant="selected(../quiz_info_job_apps_future, 'other')" type="string"/>
      <bind calculate="count-selected( /WS_INTRO/quiz_info_job_group/quiz_info_job_apps_future )" nodeset="/WS_INTRO/quiz_info_job_group/quiz_info_job_apps_future_count" relevant="0" type="int"/>
      <bind nodeset="/WS_INTRO/quiz_info_job_group/quiz_info_job_apps_future_a1" type="string"/>
      <bind nodeset="/WS_INTRO/quiz_info_job_group/quiz_info_workshop" type="select"/>
      <bind nodeset="/WS_INTRO/quiz_info_job_group/quiz_info_workshop_other" relevant="selected(../quiz_info_workshop, 'other')" type="string"/>
      <bind calculate="count-selected( /WS_INTRO/quiz_info_job_group/quiz_info_workshop )" nodeset="/WS_INTRO/quiz_info_job_group/quiz_info_workshop_count" relevant="0" type="int"/>
      <bind nodeset="/WS_INTRO/quiz_info_job_group/quiz_info_photo" type="binary"/>
      <bind nodeset="/WS_INTRO/quiz_info_job_group/quiz_info" required="true()" type="select1"/>
      <bind jr:preload="timestamp" jr:preloadParams="start" nodeset="/WS_INTRO/quiz_info_job_group/quiz_form_start_date" type="dateTime"/>
      <bind jr:preload="timestamp" jr:preloadParams="end" nodeset="/WS_INTRO/quiz_info_job_group/quiz_form_end_date" type="dateTime"/>
      <bind jr:preload="property" jr:preloadParams="email" nodeset="/WS_INTRO/quiz_info_job_group/quiz_info_email" type="string"/>
      <bind jr:preload="property" jr:preloadParams="username" nodeset="/WS_INTRO/quiz_info_job_group/quiz_info_user" type="string"/>
      <bind nodeset="/WS_INTRO/quiz_info_job_group/quiz_info_group" relevant=" /WS_INTRO/quiz_info_job_group/quiz_info  =1"/>
      <bind nodeset="/WS_INTRO/quiz_info_job_group/quiz_info_group/quiz_info_secondname" type="string"/>
      <bind nodeset="/WS_INTRO/quiz_info_job_group/quiz_info_group/quiz_info_name" type="string"/>
      <bind constraint="regex(., '[A-Za-z0-9._%+-]+@[A-Za-z0-9.-]+\.[A-Za-z]{2,4}')" jr:constraintMsg="Inserire correttamente l'indirizzo e-mail" nodeset="/WS_INTRO/quiz_info_job_group/quiz_info_group/quiz_info_mail" type="string"/>
      <bind calculate="concat('uuid:', uuid())" nodeset="/WS_INTRO/meta/instanceID" readonly="true()" type="string"/>
      <bind calculate=" /WS_INTRO/quiz_info_job_group/quiz_info_job_company " nodeset="/WS_INTRO/meta/instanceName" type="string"/>
    </model>
  </h:head>
  <h:body>
    <input ref="/WS_INTRO/quiz_info_alpha_and_omegas">
      <label ref="jr:itext('/WS_INTRO/quiz_info_alpha_and_omegas:label')"/>
      <hint ref="jr:itext('/WS_INTRO/quiz_info_alpha_and_omegas:hint')"/>
    </input>
    <select1 ref="/WS_INTRO/quiz_info_privacy">
      <label ref="jr:itext('/WS_INTRO/quiz_info_privacy:label')"/>
      <hint>Mediante una WebMap il tuo Survey potrà essere visualizzato con:
&lt;li&gt; una &lt;a href=&quot;http://storymaps.arcgis.com/en/&quot;&gt;StoryMap Esri&lt;/a&gt; per raccontare la Conferenza Esri 2018&lt;/li&gt;
&lt;li&gt; una &lt;a href=&quot;https://www.arcgis.com/apps/opsdashboard/index.html&quot;&gt;Operations Dashboard&lt;/a&gt; per valutarne l'avanzamento in tempo reale !&lt;/li&gt;
&lt;li&gt; una &lt;a href=&quot;https://www.esri.com/en-us/arcgis/products/web-appbuilder/overview&quot;&gt;WebApp Configurabile&lt;/a&gt; per un'analisi geospaziale della diffusione di Know-How sui prodotti Esri&lt;/li&gt;
&lt;li&gt; &lt;a href=&quot;http://www.esri.com/products/survey123&quot;&gt;Survey123 Web&lt;/a&gt; per un'analisi statistica delle risposte al Quiz&lt;/li&gt;</hint>
      <item>
        <label ref="jr:itext('/WS_INTRO/quiz_info_privacy/1:label')"/>
        <value>1</value>
      </item>
      <item>
        <label ref="jr:itext('/WS_INTRO/quiz_info_privacy/0:label')"/>
        <value>0</value>
      </item>
    </select1>
    <select1 ref="/WS_INTRO/quiz_info_job">
      <label ref="jr:itext('/WS_INTRO/quiz_info_job:label')"/>
      <item>
        <label ref="jr:itext('/WS_INTRO/quiz_info_job/1:label')"/>
        <value>1</value>
      </item>
      <item>
        <label ref="jr:itext('/WS_INTRO/quiz_info_job/0:label')"/>
        <value>0</value>
      </item>
    </select1>
    <group ref="/WS_INTRO/quiz_info_job_group">
      <label>Where …</label>
      <input ref="/WS_INTRO/quiz_info_job_group/quiz_info_job_location">
        <label ref="jr:itext('/WS_INTRO/quiz_info_job_group/quiz_info_job_location:label')"/>
        <hint>Cerca sulla Mappa la tua città (Università, Ente o Azienda)</hint>
      </input>
      <input ref="/WS_INTRO/quiz_info_job_group/quiz_info_job_company">
        <label ref="jr:itext('/WS_INTRO/quiz_info_job_group/quiz_info_job_company:label')"/>
      </input>
      <select appearance="minimal" ref="/WS_INTRO/quiz_info_job_group/quiz_info_job_study">
        <label ref="jr:itext('/WS_INTRO/quiz_info_job_group/quiz_info_job_study:label')"/>
        <hint>Puoi selezionarne più di una.</hint>
        <item>
          <label ref="jr:itext('/WS_INTRO/quiz_info_job_group/quiz_info_job_study/1:label')"/>
          <value>1</value>
        </item>
        <item>
          <label ref="jr:itext('/WS_INTRO/quiz_info_job_group/quiz_info_job_study/2:label')"/>
          <value>2</value>
        </item>
        <item>
          <label ref="jr:itext('/WS_INTRO/quiz_info_job_group/quiz_info_job_study/3:label')"/>
          <value>3</value>
        </item>
        <item>
          <label ref="jr:itext('/WS_INTRO/quiz_info_job_group/quiz_info_job_study/4:label')"/>
          <value>4</value>
        </item>
        <item>
          <label ref="jr:itext('/WS_INTRO/quiz_info_job_group/quiz_info_job_study/5:label')"/>
          <value>5</value>
        </item>
        <item>
          <label ref="jr:itext('/WS_INTRO/quiz_info_job_group/quiz_info_job_study/6:label')"/>
          <value>6</value>
        </item>
        <item>
          <label ref="jr:itext('/WS_INTRO/quiz_info_job_group/quiz_info_job_study/7:label')"/>
          <value>7</value>
        </item>
        <item>
          <label ref="jr:itext('/WS_INTRO/quiz_info_job_group/quiz_info_job_study/8:label')"/>
          <value>8</value>
        </item>
        <item>
          <label ref="jr:itext('/WS_INTRO/quiz_info_job_group/quiz_info_job_study/9:label')"/>
          <value>9</value>
        </item>
        <item>
          <label ref="jr:itext('/WS_INTRO/quiz_info_job_group/quiz_info_job_study/10:label')"/>
          <value>10</value>
        </item>
        <item>
          <label ref="jr:itext('/WS_INTRO/quiz_info_job_group/quiz_info_job_study/11:label')"/>
          <value>11</value>
        </item>
        <item>
          <label>Other</label>
          <value>other</value>
        </item>
      </select>
      <input ref="/WS_INTRO/quiz_info_job_group/quiz_info_job_study_other">
        <label>Specify other.</label>
      </input>
      <input ref="/WS_INTRO/quiz_info_job_group/quiz_info_job_study_count">
        <label>study_count</label>
      </input>
      <select appearance="minimal" ref="/WS_INTRO/quiz_info_job_group/quiz_info_job_role">
        <label ref="jr:itext('/WS_INTRO/quiz_info_job_group/quiz_info_job_role:label')"/>
        <hint>Puoi selezionarne più di una.</hint>
        <item>
          <label ref="jr:itext('/WS_INTRO/quiz_info_job_group/quiz_info_job_role/1:label')"/>
          <value>1</value>
        </item>
        <item>
          <label ref="jr:itext('/WS_INTRO/quiz_info_job_group/quiz_info_job_role/2:label')"/>
          <value>2</value>
        </item>
        <item>
          <label ref="jr:itext('/WS_INTRO/quiz_info_job_group/quiz_info_job_role/3:label')"/>
          <value>3</value>
        </item>
        <item>
          <label ref="jr:itext('/WS_INTRO/quiz_info_job_group/quiz_info_job_role/4:label')"/>
          <value>4</value>
        </item>
        <item>
          <label ref="jr:itext('/WS_INTRO/quiz_info_job_group/quiz_info_job_role/5:label')"/>
          <value>5</value>
        </item>
        <item>
          <label ref="jr:itext('/WS_INTRO/quiz_info_job_group/quiz_info_job_role/6:label')"/>
          <value>6</value>
        </item>
        <item>
          <label ref="jr:itext('/WS_INTRO/quiz_info_job_group/quiz_info_job_role/7:label')"/>
          <value>7</value>
        </item>
        <item>
          <label ref="jr:itext('/WS_INTRO/quiz_info_job_group/quiz_info_job_role/8:label')"/>
          <value>8</value>
        </item>
        <item>
          <label ref="jr:itext('/WS_INTRO/quiz_info_job_group/quiz_info_job_role/9:label')"/>
          <value>9</value>
        </item>
        <item>
          <label ref="jr:itext('/WS_INTRO/quiz_info_job_group/quiz_info_job_role/10:label')"/>
          <value>10</value>
        </item>
        <item>
          <label ref="jr:itext('/WS_INTRO/quiz_info_job_group/quiz_info_job_role/11:label')"/>
          <value>11</value>
        </item>
        <item>
          <label ref="jr:itext('/WS_INTRO/quiz_info_job_group/quiz_info_job_role/12:label')"/>
          <value>12</value>
        </item>
        <item>
          <label ref="jr:itext('/WS_INTRO/quiz_info_job_group/quiz_info_job_role/13:label')"/>
          <value>13</value>
        </item>
        <item>
          <label ref="jr:itext('/WS_INTRO/quiz_info_job_group/quiz_info_job_role/14:label')"/>
          <value>14</value>
        </item>
        <item>
          <label ref="jr:itext('/WS_INTRO/quiz_info_job_group/quiz_info_job_role/15:label')"/>
          <value>15</value>
        </item>
        <item>
          <label ref="jr:itext('/WS_INTRO/quiz_info_job_group/quiz_info_job_role/16:label')"/>
          <value>16</value>
        </item>
        <item>
          <label ref="jr:itext('/WS_INTRO/quiz_info_job_group/quiz_info_job_role/17:label')"/>
          <value>17</value>
        </item>
        <item>
          <label ref="jr:itext('/WS_INTRO/quiz_info_job_group/quiz_info_job_role/18:label')"/>
          <value>18</value>
        </item>
        <item>
          <label ref="jr:itext('/WS_INTRO/quiz_info_job_group/quiz_info_job_role/19:label')"/>
          <value>19</value>
        </item>
        <item>
          <label ref="jr:itext('/WS_INTRO/quiz_info_job_group/quiz_info_job_role/20:label')"/>
          <value>20</value>
        </item>
        <item>
          <label>Other</label>
          <value>other</value>
        </item>
      </select>
      <input ref="/WS_INTRO/quiz_info_job_group/quiz_info_job_role_other">
        <label>Specify other.</label>
      </input>
      <input ref="/WS_INTRO/quiz_info_job_group/quiz_info_job_role_count">
        <label>role_count</label>
      </input>
      <select appearance="minimal" ref="/WS_INTRO/quiz_info_job_group/quiz_info_job_org">
        <label ref="jr:itext('/WS_INTRO/quiz_info_job_group/quiz_info_job_org:label')"/>
        <hint>Puoi selezionarne più di una.</hint>
        <item>
          <label ref="jr:itext('/WS_INTRO/quiz_info_job_group/quiz_info_job_org/1:label')"/>
          <value>1</value>
        </item>
        <item>
          <label ref="jr:itext('/WS_INTRO/quiz_info_job_group/quiz_info_job_org/2:label')"/>
          <value>2</value>
        </item>
        <item>
          <label ref="jr:itext('/WS_INTRO/quiz_info_job_group/quiz_info_job_org/3:label')"/>
          <value>3</value>
        </item>
        <item>
          <label ref="jr:itext('/WS_INTRO/quiz_info_job_group/quiz_info_job_org/4:label')"/>
          <value>4</value>
        </item>
        <item>
          <label ref="jr:itext('/WS_INTRO/quiz_info_job_group/quiz_info_job_org/5:label')"/>
          <value>5</value>
        </item>
        <item>
          <label ref="jr:itext('/WS_INTRO/quiz_info_job_group/quiz_info_job_org/6:label')"/>
          <value>6</value>
        </item>
        <item>
          <label>Other</label>
          <value>other</value>
        </item>
      </select>
      <input ref="/WS_INTRO/quiz_info_job_group/quiz_info_job_org_other">
        <label>Specify other.</label>
      </input>
      <input ref="/WS_INTRO/quiz_info_job_group/quiz_info_job_org_count">
        <label>org_count</label>
      </input>
      <select appearance="minimal" ref="/WS_INTRO/quiz_info_job_group/quiz_info_job_apps">
        <label ref="jr:itext('/WS_INTRO/quiz_info_job_group/quiz_info_job_apps:label')"/>
        <hint>Puoi selezionarne più di una.</hint>
        <item>
          <label ref="jr:itext('/WS_INTRO/quiz_info_job_group/quiz_info_job_apps/1:label')"/>
          <value>1</value>
        </item>
        <item>
          <label ref="jr:itext('/WS_INTRO/quiz_info_job_group/quiz_info_job_apps/2:label')"/>
          <value>2</value>
        </item>
        <item>
          <label ref="jr:itext('/WS_INTRO/quiz_info_job_group/quiz_info_job_apps/3:label')"/>
          <value>3</value>
        </item>
        <item>
          <label ref="jr:itext('/WS_INTRO/quiz_info_job_group/quiz_info_job_apps/4:label')"/>
          <value>4</value>
        </item>
        <item>
          <label ref="jr:itext('/WS_INTRO/quiz_info_job_group/quiz_info_job_apps/5:label')"/>
          <value>5</value>
        </item>
        <item>
          <label ref="jr:itext('/WS_INTRO/quiz_info_job_group/quiz_info_job_apps/6:label')"/>
          <value>6</value>
        </item>
        <item>
          <label ref="jr:itext('/WS_INTRO/quiz_info_job_group/quiz_info_job_apps/7:label')"/>
          <value>7</value>
        </item>
        <item>
          <label ref="jr:itext('/WS_INTRO/quiz_info_job_group/quiz_info_job_apps/8:label')"/>
          <value>8</value>
        </item>
        <item>
          <label ref="jr:itext('/WS_INTRO/quiz_info_job_group/quiz_info_job_apps/9:label')"/>
          <value>9</value>
        </item>
        <item>
          <label ref="jr:itext('/WS_INTRO/quiz_info_job_group/quiz_info_job_apps/10:label')"/>
          <value>10</value>
        </item>
        <item>
          <label ref="jr:itext('/WS_INTRO/quiz_info_job_group/quiz_info_job_apps/11:label')"/>
          <value>11</value>
        </item>
        <item>
          <label ref="jr:itext('/WS_INTRO/quiz_info_job_group/quiz_info_job_apps/12:label')"/>
          <value>12</value>
        </item>
        <item>
          <label ref="jr:itext('/WS_INTRO/quiz_info_job_group/quiz_info_job_apps/13:label')"/>
          <value>13</value>
        </item>
        <item>
          <label ref="jr:itext('/WS_INTRO/quiz_info_job_group/quiz_info_job_apps/14:label')"/>
          <value>14</value>
        </item>
        <item>
          <label ref="jr:itext('/WS_INTRO/quiz_info_job_group/quiz_info_job_apps/15:label')"/>
          <value>15</value>
        </item>
        <item>
          <label ref="jr:itext('/WS_INTRO/quiz_info_job_group/quiz_info_job_apps/16:label')"/>
          <value>16</value>
        </item>
        <item>
          <label ref="jr:itext('/WS_INTRO/quiz_info_job_group/quiz_info_job_apps/17:label')"/>
          <value>17</value>
        </item>
        <item>
          <label ref="jr:itext('/WS_INTRO/quiz_info_job_group/quiz_info_job_apps/18:label')"/>
          <value>18</value>
        </item>
        <item>
          <label ref="jr:itext('/WS_INTRO/quiz_info_job_group/quiz_info_job_apps/19:label')"/>
          <value>19</value>
        </item>
        <item>
          <label ref="jr:itext('/WS_INTRO/quiz_info_job_group/quiz_info_job_apps/20:label')"/>
          <value>20</value>
        </item>
        <item>
          <label ref="jr:itext('/WS_INTRO/quiz_info_job_group/quiz_info_job_apps/21:label')"/>
          <value>21</value>
        </item>
        <item>
          <label ref="jr:itext('/WS_INTRO/quiz_info_job_group/quiz_info_job_apps/22:label')"/>
          <value>22</value>
        </item>
        <item>
          <label ref="jr:itext('/WS_INTRO/quiz_info_job_group/quiz_info_job_apps/23:label')"/>
          <value>23</value>
        </item>
        <item>
          <label ref="jr:itext('/WS_INTRO/quiz_info_job_group/quiz_info_job_apps/24:label')"/>
          <value>24</value>
        </item>
        <item>
          <label ref="jr:itext('/WS_INTRO/quiz_info_job_group/quiz_info_job_apps/25:label')"/>
          <value>25</value>
        </item>
        <item>
          <label ref="jr:itext('/WS_INTRO/quiz_info_job_group/quiz_info_job_apps/26:label')"/>
          <value>26</value>
        </item>
        <item>
          <label>Other</label>
          <value>other</value>
        </item>
      </select>
      <input ref="/WS_INTRO/quiz_info_job_group/quiz_info_job_apps_other">
        <label>Specify other.</label>
      </input>
      <input ref="/WS_INTRO/quiz_info_job_group/quiz_info_job_apps_count">
        <label>apps_count</label>
      </input>
      <select appearance="minimal" ref="/WS_INTRO/quiz_info_job_group/quiz_info_job_apps_future">
        <label ref="jr:itext('/WS_INTRO/quiz_info_job_group/quiz_info_job_apps_future:label')"/>
        <hint>Puoi selezionarne più di una.</hint>
        <item>
          <label ref="jr:itext('/WS_INTRO/quiz_info_job_group/quiz_info_job_apps_future/1:label')"/>
          <value>1</value>
        </item>
        <item>
          <label ref="jr:itext('/WS_INTRO/quiz_info_job_group/quiz_info_job_apps_future/2:label')"/>
          <value>2</value>
        </item>
        <item>
          <label ref="jr:itext('/WS_INTRO/quiz_info_job_group/quiz_info_job_apps_future/3:label')"/>
          <value>3</value>
        </item>
        <item>
          <label ref="jr:itext('/WS_INTRO/quiz_info_job_group/quiz_info_job_apps_future/4:label')"/>
          <value>4</value>
        </item>
        <item>
          <label ref="jr:itext('/WS_INTRO/quiz_info_job_group/quiz_info_job_apps_future/5:label')"/>
          <value>5</value>
        </item>
        <item>
          <label ref="jr:itext('/WS_INTRO/quiz_info_job_group/quiz_info_job_apps_future/6:label')"/>
          <value>6</value>
        </item>
        <item>
          <label ref="jr:itext('/WS_INTRO/quiz_info_job_group/quiz_info_job_apps_future/7:label')"/>
          <value>7</value>
        </item>
        <item>
          <label ref="jr:itext('/WS_INTRO/quiz_info_job_group/quiz_info_job_apps_future/8:label')"/>
          <value>8</value>
        </item>
        <item>
          <label ref="jr:itext('/WS_INTRO/quiz_info_job_group/quiz_info_job_apps_future/9:label')"/>
          <value>9</value>
        </item>
        <item>
          <label ref="jr:itext('/WS_INTRO/quiz_info_job_group/quiz_info_job_apps_future/10:label')"/>
          <value>10</value>
        </item>
        <item>
          <label ref="jr:itext('/WS_INTRO/quiz_info_job_group/quiz_info_job_apps_future/11:label')"/>
          <value>11</value>
        </item>
        <item>
          <label ref="jr:itext('/WS_INTRO/quiz_info_job_group/quiz_info_job_apps_future/12:label')"/>
          <value>12</value>
        </item>
        <item>
          <label ref="jr:itext('/WS_INTRO/quiz_info_job_group/quiz_info_job_apps_future/13:label')"/>
          <value>13</value>
        </item>
        <item>
          <label ref="jr:itext('/WS_INTRO/quiz_info_job_group/quiz_info_job_apps_future/14:label')"/>
          <value>14</value>
        </item>
        <item>
          <label ref="jr:itext('/WS_INTRO/quiz_info_job_group/quiz_info_job_apps_future/15:label')"/>
          <value>15</value>
        </item>
        <item>
          <label ref="jr:itext('/WS_INTRO/quiz_info_job_group/quiz_info_job_apps_future/16:label')"/>
          <value>16</value>
        </item>
        <item>
          <label ref="jr:itext('/WS_INTRO/quiz_info_job_group/quiz_info_job_apps_future/17:label')"/>
          <value>17</value>
        </item>
        <item>
          <label ref="jr:itext('/WS_INTRO/quiz_info_job_group/quiz_info_job_apps_future/18:label')"/>
          <value>18</value>
        </item>
        <item>
          <label ref="jr:itext('/WS_INTRO/quiz_info_job_group/quiz_info_job_apps_future/19:label')"/>
          <value>19</value>
        </item>
        <item>
          <label ref="jr:itext('/WS_INTRO/quiz_info_job_group/quiz_info_job_apps_future/20:label')"/>
          <value>20</value>
        </item>
        <item>
          <label ref="jr:itext('/WS_INTRO/quiz_info_job_group/quiz_info_job_apps_future/21:label')"/>
          <value>21</value>
        </item>
        <item>
          <label ref="jr:itext('/WS_INTRO/quiz_info_job_group/quiz_info_job_apps_future/22:label')"/>
          <value>22</value>
        </item>
        <item>
          <label ref="jr:itext('/WS_INTRO/quiz_info_job_group/quiz_info_job_apps_future/23:label')"/>
          <value>23</value>
        </item>
        <item>
          <label ref="jr:itext('/WS_INTRO/quiz_info_job_group/quiz_info_job_apps_future/24:label')"/>
          <value>24</value>
        </item>
        <item>
          <label ref="jr:itext('/WS_INTRO/quiz_info_job_group/quiz_info_job_apps_future/25:label')"/>
          <value>25</value>
        </item>
        <item>
          <label ref="jr:itext('/WS_INTRO/quiz_info_job_group/quiz_info_job_apps_future/26:label')"/>
          <value>26</value>
        </item>
        <item>
          <label>Other</label>
          <value>other</value>
        </item>
      </select>
      <input ref="/WS_INTRO/quiz_info_job_group/quiz_info_job_apps_future_other">
        <label>Specify other.</label>
      </input>
      <input ref="/WS_INTRO/quiz_info_job_group/quiz_info_job_apps_future_count">
        <label>apps_future_count</label>
      </input>
      <select appearance="minimal" ref="/WS_INTRO/quiz_info_job_group/quiz_info_workshop">
        <label ref="jr:itext('/WS_INTRO/quiz_info_job_group/quiz_info_workshop:label')"/>
        <item>
          <label ref="jr:itext('/WS_INTRO/quiz_info_job_group/quiz_info_workshop/1:label')"/>
          <value>1</value>
        </item>
        <item>
          <label ref="jr:itext('/WS_INTRO/quiz_info_job_group/quiz_info_workshop/2:label')"/>
          <value>2</value>
        </item>
        <item>
          <label ref="jr:itext('/WS_INTRO/quiz_info_job_group/quiz_info_workshop/3:label')"/>
          <value>3</value>
        </item>
        <item>
          <label ref="jr:itext('/WS_INTRO/quiz_info_job_group/quiz_info_workshop/4:label')"/>
          <value>4</value>
        </item>
        <item>
          <label ref="jr:itext('/WS_INTRO/quiz_info_job_group/quiz_info_workshop/5:label')"/>
          <value>5</value>
        </item>
        <item>
          <label ref="jr:itext('/WS_INTRO/quiz_info_job_group/quiz_info_workshop/6:label')"/>
          <value>6</value>
        </item>
        <item>
          <label ref="jr:itext('/WS_INTRO/quiz_info_job_group/quiz_info_workshop/7:label')"/>
          <value>7</value>
        </item>
        <item>
          <label ref="jr:itext('/WS_INTRO/quiz_info_job_group/quiz_info_workshop/8:label')"/>
          <value>8</value>
        </item>
        <item>
          <label ref="jr:itext('/WS_INTRO/quiz_info_job_group/quiz_info_workshop/9:label')"/>
          <value>9</value>
        </item>
        <item>
          <label ref="jr:itext('/WS_INTRO/quiz_info_job_group/quiz_info_workshop/10:label')"/>
          <value>10</value>
        </item>
        <item>
          <label ref="jr:itext('/WS_INTRO/quiz_info_job_group/quiz_info_workshop/11:label')"/>
          <value>11</value>
        </item>
        <item>
          <label ref="jr:itext('/WS_INTRO/quiz_info_job_group/quiz_info_workshop/13:label')"/>
          <value>13</value>
        </item>
        <item>
          <label>Other</label>
          <value>other</value>
        </item>
      </select>
      <input ref="/WS_INTRO/quiz_info_job_group/quiz_info_workshop_other">
        <label>Specify other.</label>
      </input>
      <input ref="/WS_INTRO/quiz_info_job_group/quiz_info_workshop_count">
        <label>workshop_count</label>
      </input>
      <upload mediatype="image/*" ref="/WS_INTRO/quiz_info_job_group/quiz_info_photo">
        <label ref="jr:itext('/WS_INTRO/quiz_info_job_group/quiz_info_photo:label')"/>
        <hint ref="jr:itext('/WS_INTRO/quiz_info_job_group/quiz_info_photo:hint')"/>
      </upload>
      <select1 ref="/WS_INTRO/quiz_info_job_group/quiz_info">
        <label>Ci vuoi lasciare una recapito?</label>
        <item>
          <label ref="jr:itext('/WS_INTRO/quiz_info_job_group/quiz_info/1:label')"/>
          <value>1</value>
        </item>
        <item>
          <label ref="jr:itext('/WS_INTRO/quiz_info_job_group/quiz_info/0:label')"/>
          <value>0</value>
        </item>
      </select1>
      <group ref="/WS_INTRO/quiz_info_job_group/quiz_info_group">
        <label>Who …</label>
        <input ref="/WS_INTRO/quiz_info_job_group/quiz_info_group/quiz_info_secondname">
          <label ref="jr:itext('/WS_INTRO/quiz_info_job_group/quiz_info_group/quiz_info_secondname:label')"/>
        </input>
        <input ref="/WS_INTRO/quiz_info_job_group/quiz_info_group/quiz_info_name">
          <label ref="jr:itext('/WS_INTRO/quiz_info_job_group/quiz_info_group/quiz_info_name:label')"/>
        </input>
        <input ref="/WS_INTRO/quiz_info_job_group/quiz_info_group/quiz_info_mail">
          <label ref="jr:itext('/WS_INTRO/quiz_info_job_group/quiz_info_group/quiz_info_mail:label')"/>
        </input>
      </group>
    </group>
  </h:body>
</h:html>
